{
  "methods": {
    "weight_lora": {
      "val_accuracy": {
        "mean": 0.5365593072471269,
        "std": 0.0,
        "variance": 0.0,
        "ci_95_lower": 0.5365593072471269,
        "ci_95_upper": 0.5365593072471269,
        "min": 0.5365593072471269,
        "max": 0.5365593072471269,
        "median": 0.5365593072471269,
        "n": 10,
        "sem": 0.0,
        "values": [
          0.5365593072471269,
          0.5365593072471269,
          0.5365593072471269,
          0.5365593072471269,
          0.5365593072471269,
          0.5365593072471269,
          0.5365593072471269,
          0.5365593072471269,
          0.5365593072471269,
          0.5365593072471269
        ]
      },
      "initial_loss": {
        "mean": 9.564867320060731,
        "std": 0.22593328059732845,
        "variance": 0.05104584728147116,
        "ci_95_lower": 9.42483242194012,
        "ci_95_upper": 9.704902218181342,
        "min": 9.203691530227662,
        "max": 9.788949012756348,
        "median": 9.662474584579467,
        "n": 10,
        "sem": 0.07144637659214857,
        "values": [
          9.37654619216919,
          9.208628082275391,
          9.203691530227662,
          9.759189319610595,
          9.685273838043212,
          9.704428005218507,
          9.758218097686768,
          9.524073791503906,
          9.639675331115722,
          9.788949012756348
        ]
      },
      "train_accuracy": {
        "mean": 0.8402236306667328,
        "std": 0.010606126041039532,
        "variance": 0.00011248990959841689,
        "ci_95_lower": 0.8336498856403929,
        "ci_95_upper": 0.8467973756930727,
        "min": 0.826650732755661,
        "max": 0.8576516449451447,
        "median": 0.8380005836486817,
        "n": 10,
        "sem": 0.0033539515440509406,
        "values": [
          0.8362141370773315,
          0.8397870302200318,
          0.8478461742401123,
          0.8526430249214172,
          0.826650732755661,
          0.8576516449451447,
          0.8278748452663421,
          0.8344627559185028,
          0.8469441592693329,
          0.8321618020534516
        ]
      },
      "val_loss": {
        "mean": 2.7160690880696707,
        "std": 0.0,
        "variance": 0.0,
        "ci_95_lower": 2.7160690880696707,
        "ci_95_upper": 2.7160690880696707,
        "min": 2.7160690880696707,
        "max": 2.7160690880696707,
        "median": 2.7160690880696707,
        "n": 10,
        "sem": 0.0,
        "values": [
          2.7160690880696707,
          2.7160690880696707,
          2.7160690880696707,
          2.7160690880696707,
          2.7160690880696707,
          2.7160690880696707,
          2.7160690880696707,
          2.7160690880696707,
          2.7160690880696707,
          2.7160690880696707
        ]
      },
      "final_loss": {
        "mean": 0.35154283016920085,
        "std": 0.02277448824522362,
        "variance": 0.000518677314831829,
        "ci_95_lower": 0.3374270561108718,
        "ci_95_upper": 0.3656586042275299,
        "min": 0.3273653328418732,
        "max": 0.38927373588085173,
        "median": 0.3450218826532364,
        "n": 10,
        "sem": 0.007201925539963801,
        "values": [
          0.32880596816539764,
          0.35633563697338105,
          0.3273653328418732,
          0.34797335267066953,
          0.38927373588085173,
          0.33317350447177885,
          0.3813210725784302,
          0.34207041263580323,
          0.3742422223091125,
          0.334867063164711
        ]
      },
      "final_train_acc": {
        "mean": 0.8402236306667328,
        "std": 0.010606126041039532,
        "variance": 0.00011248990959841689,
        "ci_95_lower": 0.8336498856403929,
        "ci_95_upper": 0.8467973756930727,
        "min": 0.826650732755661,
        "max": 0.8576516449451447,
        "median": 0.8380005836486817,
        "n": 10,
        "sem": 0.0033539515440509406,
        "values": [
          0.8362141370773315,
          0.8397870302200318,
          0.8478461742401123,
          0.8526430249214172,
          0.826650732755661,
          0.8576516449451447,
          0.8278748452663421,
          0.8344627559185028,
          0.8469441592693329,
          0.8321618020534516
        ]
      },
      "total_steps": {
        "mean": 10000.0,
        "std": 0.0,
        "variance": 0.0,
        "ci_95_lower": 10000.0,
        "ci_95_upper": 10000.0,
        "min": 10000.0,
        "max": 10000.0,
        "median": 10000.0,
        "n": 10,
        "sem": 0.0,
        "values": [
          10000,
          10000,
          10000,
          10000,
          10000,
          10000,
          10000,
          10000,
          10000,
          10000
        ]
      },
      "train_loss": {
        "mean": 0.35154283016920085,
        "std": 0.02277448824522362,
        "variance": 0.000518677314831829,
        "ci_95_lower": 0.3374270561108718,
        "ci_95_upper": 0.3656586042275299,
        "min": 0.3273653328418732,
        "max": 0.38927373588085173,
        "median": 0.3450218826532364,
        "n": 10,
        "sem": 0.007201925539963801,
        "values": [
          0.32880596816539764,
          0.35633563697338105,
          0.3273653328418732,
          0.34797335267066953,
          0.38927373588085173,
          0.33317350447177885,
          0.3813210725784302,
          0.34207041263580323,
          0.3742422223091125,
          0.334867063164711
        ]
      }
    },
    "adapters": {
      "val_accuracy": {
        "mean": 0.2278559237991998,
        "std": 0.0,
        "variance": 0.0,
        "ci_95_lower": 0.2278559237991998,
        "ci_95_upper": 0.2278559237991998,
        "min": 0.2278559237991998,
        "max": 0.2278559237991998,
        "median": 0.2278559237991998,
        "n": 10,
        "sem": 0.0,
        "values": [
          0.2278559237991998,
          0.2278559237991998,
          0.2278559237991998,
          0.2278559237991998,
          0.2278559237991998,
          0.2278559237991998,
          0.2278559237991998,
          0.2278559237991998,
          0.2278559237991998,
          0.2278559237991998
        ]
      },
      "initial_loss": {
        "mean": 10.26852954864502,
        "std": 0.21632878588849938,
        "variance": 0.046798143603992204,
        "ci_95_lower": 10.134447578019177,
        "ci_95_upper": 10.402611519270863,
        "min": 9.923689556121825,
        "max": 10.484262466430664,
        "median": 10.366062021255495,
        "n": 10,
        "sem": 0.068409168686655,
        "values": [
          10.060387992858887,
          9.940945529937744,
          9.923689556121825,
          10.4540301322937,
          10.382111358642579,
          10.41700792312622,
          10.436118125915527,
          10.236729717254638,
          10.350012683868409,
          10.484262466430664
        ]
      },
      "train_accuracy": {
        "mean": 0.8320744413137436,
        "std": 0.012077438414246727,
        "variance": 0.0001458645186499225,
        "ci_95_lower": 0.824588767430615,
        "ci_95_upper": 0.8395601151968722,
        "min": 0.8150369882583618,
        "max": 0.8494127571582795,
        "median": 0.8332864671945572,
        "n": 10,
        "sem": 0.003819221368943184,
        "values": [
          0.8311439692974091,
          0.8150369882583618,
          0.8365521430969238,
          0.8274159491062164,
          0.8193273425102234,
          0.8445460200309753,
          0.817760294675827,
          0.8494127571582795,
          0.8354289650917053,
          0.8441199839115143
        ]
      },
      "val_loss": {
        "mean": 8.641026050672618,
        "std": 0.0,
        "variance": 0.0,
        "ci_95_lower": 8.641026050672618,
        "ci_95_upper": 8.641026050672618,
        "min": 8.641026050672618,
        "max": 8.641026050672618,
        "median": 8.641026050672618,
        "n": 10,
        "sem": 0.0,