{
  "raw_results": {
    "parameter_counts": {
      "full_ft": {
        "method": "full_ft",
        "base_params": 137676090,
        "trainable_params": 137676090,
        "trainable_percent": 100.0,
        "storage_mb": 525.1926040649414
      },
      "lora_diffusion": {
        "method": "lora_diffusion",
        "base_params": 137676090,
        "trainable_params": 39563472,
        "trainable_percent": 28.736632482808016,
        "storage_mb": 150.92266845703125,
        "breakdown": {
          "instruction_encoder": 37813504,
          "instruction_to_hidden": 197376,
          "adapters_early": 622720,
          "adapters_mid": 507968,
          "adapters_late": 421904,
          "total": 39563472
        }
      },
      "weight_lora": {
        "method": "weight_lora",
        "base_params": 147346362,
        "trainable_params": 9670272,
        "trainable_percent": 6.562952670660441,
        "storage_mb": 36.88916015625
      },
      "adapters": {
        "method": "adapters",
        "base_params": 156599610,
        "trainable_params": 18923520,
        "trainable_percent": 12.084014768619156,
        "storage_mb": 72.1875
      },
      "bitfit": {
        "method": "bitfit",
        "base_params": 137676090,
        "trainable_params": 156474,
        "trainable_percent": 0.11365372157213355,
        "storage_mb": 0.5969009399414062
      },
      "prefix_tuning": {
        "method": "prefix_tuning",
        "base_params": 137676090,
        "trainable_params": 9873920,
        "trainable_percent": 7.171848067445843,
        "storage_mb": 37.666015625
      }
    },
    "experiment_outputs": {
      "full_ft": {
        "output_dir": "lora-diffusion/outputs/sst2_full_ft_seed42_43996576",
        "metrics": {
          "initial_loss": 2.2272744953632353,
          "final_loss": 0.23506111651659012,
          "final_train_acc": 0.8350447595119477,
          "steps": 5000,
          "val_accuracy": 0.5114678899082569,
          "val_f1": null,
          "val_loss": null
        }
      },
      "lora_diffusion": {
        "output_dir": "lora-diffusion/outputs/sst2_lora_diffusion_seed42_43996576",
        "metrics": {
          "initial_loss": 9.505314207077026,
          "final_loss": 0.2516996994614601,
          "final_train_acc": 0.8412176072597504,
          "steps": 5000,
          "val_accuracy": 0.4896788990825688,
          "val_f1": null,
          "val_loss": null
        }
      },
      "weight_lora": {
        "output_dir": "lora-diffusion/outputs/sst2_weight_lora_seed42_43996576",
        "metrics": {
          "initial_loss": 9.680292320251464,
          "final_loss": 0.22592952698469163,
          "final_train_acc": 0.8479041993618012,
          "steps": 5000,
          "val_accuracy": 0.48623853211009177,
          "val_f1": null,
          "val_loss": null
        }
      },
      "adapters": {
        "output_dir": "lora-diffusion/outputs/sst2_adapters_seed42_43996576",
        "metrics": {
          "initial_loss": 10.060492420196534,
          "final_loss": 1.301204538345337,
          "final_train_acc": 0.6949955284595489,
          "steps": 5000,
          "val_accuracy": 0.49770642201834864,
          "val_f1": null,
          "val_loss": null
        }
      },
      "bitfit": {
        "output_dir": "lora-diffusion/outputs/sst2_bitfit_seed42_43996576",
        "metrics": {
          "initial_loss": 9.918910694122314,
          "final_loss": 0.2766678541898727,
          "final_train_acc": 0.8315896451473236,
          "steps": 5000,
          "val_accuracy": 0.4827981651376147,
          "val_f1": null,
          "val_loss": null
        }
      }
    }
  },
  "formatted_for_tables": {
    "full_ft": {
      "trainable_params": 137676090,
      "trainable_percent": 100.0,
      "storage_mb": 525.1926040649414,
      "base_params": 137676090,
      "val_accuracy": 0.5114678899082569,
      "train_loss": 0.23506111651659012,
      "initial_loss": 2.2272744953632353,
      "steps": 5000,
      "final_train_acc": 0.8350447595119477
    },
    "lora_diffusion": {
      "trainable_params": 39563472,
      "trainable_percent": 28.736632482808016,
      "storage_mb": 150.92266845703125,
      "base_params": 137676090,
      "val_accuracy": 0.4896788990825688,
      "train_loss": 0.2516996994614601,
      "initial_loss": 9.505314207077026,
      "steps": 5000,
      "final_train_acc": 0.8412176072597504
    },
    "weight_lora": {
      "trainable_params": 9670272,
      "trainable_percent": 6.562952670660441,
      "storage_mb": 36.88916015625,
      "base_params": 147346362,
      "val_accuracy": 0.48623853211009177,
      "train_loss": 0.22592952698469163,
      "initial_loss": 9.680292320251464,
      "steps": 5000,
      "final_train_acc": 0.8479041993618012
    },
    "adapters": {
      "trainable_params": 18923520,
      "trainable_percent": 12.084014768619156,
      "storage_mb": 72.1875,
      "base_params": 156599610,
      "val_accuracy": 0.49770642201834864,
      "train_loss": 1.301204538345337,
      "initial_loss": 10.060492420196534,
      "steps": 5000,
      "final_train_acc": 0.6949955284595489
    },
    "bitfit": {
      "trainable_params": 156474,
      "trainable_percent": 0.11365372157213355,
      "storage_mb": 0.5969009399414062,
      "base_params": 137676090,
      "val_accuracy": 0.4827981651376147,
      "train_loss": 0.2766678541898727,
      "initial_loss": 9.918910694122314,
      "steps": 5000,
      "final_train_acc": 0.8315896451473236
    },
    "prefix_tuning": {
      "trainable_params": 9873920,
      "trainable_percent": 7.171848067445843,
      "storage_mb": 37.666015625,
      "base_params": 137676090
    }
  }
}